{
    "epochs": [
        0,
        5,
        10,
        15,
        20,
        25,
        30,
        35,
        40,
        45,
        50,
        55,
        60,
        65,
        70,
        75,
        80,
        85,
        90,
        95,
        100,
        105,
        110,
        115,
        120,
        125,
        130,
        135,
        140,
        145,
        150,
        155,
        160,
        165,
        170,
        175,
        180,
        185,
        190,
        195,
        200,
        205,
        210,
        215,
        220,
        225,
        230,
        235,
        240,
        245,
        250,
        255,
        260,
        265,
        270,
        275,
        280,
        285,
        290,
        295,
        300,
        305,
        310,
        315,
        320,
        325,
        330,
        335,
        340,
        345,
        350,
        355,
        360,
        365,
        370,
        375,
        380,
        385,
        390,
        395,
        400,
        405,
        410,
        415,
        420,
        425
    ],
    "loss": [
        0.11995456367731094,
        0.1152368076145649,
        0.10961237028241158,
        0.10860203392803669,
        0.10718656070530415,
        0.10572901591658593,
        0.10335797891020775,
        0.10422256924211978,
        0.10346449837088585,
        0.10205894485116004,
        0.10122047923505306,
        0.10242849588394165,
        0.101014169678092,
        0.10180887915194034,
        0.10070496201515197,
        0.10063223578035832,
        0.10034468099474907,
        0.10249986723065377,
        0.10073110423982143,
        0.10103139653801918,
        0.10157196968793869,
        0.09973206035792828,
        0.10246395505964756,
        0.10067121908068657,
        0.1011421613395214,
        0.10019080229103565,
        0.09837971180677414,
        0.09889705143868924,
        0.1000692244619131,
        0.09981386289000511,
        0.0970092449337244,
        0.10108360871672631,
        0.09911824390292168,
        0.10037620067596435,
        0.0991720374673605,
        0.09789227955043316,
        0.09721307307481766,
        0.09695784896612167,
        0.095608576759696,
        0.09680653326213359,
        0.09719666130840779,
        0.10363152921199799,
        0.09871174469590187,
        0.10116835087537765,
        0.09816862791776657,
        0.09933150745928288,
        0.09805481359362603,
        0.09512965120375157,
        0.10353599712252617,
        0.10037222541868687,
        0.09514683894813061,
        0.09553647674620151,
        0.0925826795399189,
        0.09530150480568408,
        0.09934446290135383,
        0.10406496487557888,
        0.1006095290184021,
        0.09811426252126694,
        0.1013403195887804,
        0.09518219642341137,
        0.09447325207293034,
        0.09759984165430069,
        0.09293799474835396,
        0.09400081187486649,
        0.0962766770273447,
        0.09864452593028546,
        0.09748040921986104,
        0.09689752906560897,
        0.09568252563476562,
        0.09551455564796925,
        0.09758109599351883,
        0.09811406545341014,
        0.1027362186461687,
        0.09578312300145626,
        0.09857954867184163,
        0.09637060649693012,
        0.09916684553027152,
        0.10076882541179658,
        0.09910690411925316,
        0.09950431212782859,
        0.09285760894417763,
        0.09741399884223938,
        0.09498965330421924,
        0.09900036714971065,
        0.10287032090127468,
        0.10142482295632363
    ],
    "train loss": [
        0.12360148429870606,
        0.12182428240776062,
        0.12019482403993606,
        0.11952442824840545,
        0.11790032237768173,
        0.11714573949575424,
        0.11588692516088486,
        0.11409076750278473,
        0.11406328827142716,
        0.11235579401254654,
        0.11162327080965043,
        0.11087825149297714,
        0.11043630987405777,
        0.11095537841320038,
        0.11013436764478683,
        0.11000460684299469,
        0.10998940765857697,
        0.10933298617601395,
        0.10920300334692001,
        0.10868606567382813,
        0.10822000205516816,
        0.10794283747673035,
        0.10724667906761169,
        0.10674846619367599,
        0.10593916028738022,
        0.10560855120420456,
        0.10487502068281174,
        0.10487940758466721,
        0.1041781723499298,
        0.10405360907316208,
        0.10339681059122086,
        0.10306471884250641,
        0.10291592478752136,
        0.10283791273832321,
        0.10328295826911926,
        0.10245789587497711,
        0.10358412563800812,
        0.10237275213003158,
        0.10269957035779953,
        0.10235800445079804,
        0.10153074860572815,
        0.10134579241275787,
        0.10120733976364135,
        0.10117306113243103,
        0.10111728459596633,
        0.10112181454896926,
        0.10080713927745819,
        0.10075438916683196,
        0.1005884975194931,
        0.10064084529876709,
        0.1006914421916008,
        0.10060257166624069,
        0.10117622911930084,
        0.10131130069494247,
        0.10070347040891647,
        0.10080617815256118,
        0.10129105299711227,
        0.10044285506010056,
        0.1003622367978096,
        0.10032750219106674,
        0.10004295259714127,
        0.10004216730594635,
        0.10001005530357361,
        0.10285593718290328,
        0.10016009211540222,
        0.1001348227262497,
        0.10007694959640503,
        0.0997607558965683,
        0.10000237822532654,
        0.09980408102273941,
        0.10022785812616349,
        0.09942944049835205,
        0.09956790804862976,
        0.10140828937292098,
        0.09959760159254075,
        0.09955650717020034,
        0.09943883270025253,
        0.09968098700046539,
        0.10001299530267715,
        0.09963594228029252,
        0.0995774284005165,
        0.10038808286190033,
        0.10211567431688309,
        0.10435620993375778,
        0.10212277024984359,
        0.10105076432228088,
        0.10090925544500351,
        0.10080173462629319,
        0.09995889663696289,
        0.09971232116222381,
        0.09979098439216613,
        0.09928247183561326,
        0.09942973107099533,
        0.09901468157768249,
        0.09975806176662445,
        0.09973469823598861,
        0.09979054629802704,
        0.09903490841388703,
        0.09954349249601364,
        0.10042486190795899,
        0.09940731376409531,
        0.09895397424697876,
        0.09920134246349335,
        0.09866880476474763,
        0.09820247739553452,
        0.09807075560092926,
        0.09822182357311249,
        0.09848361611366271,
        0.09947856515645981,
        0.09909862875938416,
        0.09939412176609039,
        0.09849702119827271,
        0.09841022491455079,
        0.09768998771905898,
        0.09787278175354004,
        0.09746720492839814,
        0.09796717315912247,
        0.09881184101104737,
        0.09813731759786606,
        0.09765553176403045,
        0.09799814969301224,
        0.09763273447752,
        0.09630340188741685,
        0.09753964692354203,
        0.09792905598878861,
        0.09880616515874863,
        0.09711002260446548,
        0.09769530296325683,
        0.09733261018991471,
        0.09679102152585983,
        0.09599492102861404,
        0.09769025593996047,
        0.09913505911827088,
        0.09685311019420624,
        0.09745689779520035,
        0.09714231193065644,
        0.09692629128694534,
        0.09737426191568374,
        0.09572245627641678,
        0.09526888281106949,
        0.09578960239887238,
        0.09744931310415268,
        0.09622701555490494,
        0.09869179129600525,
        0.09582562297582627,
        0.0968331053853035,
        0.09625261276960373,
        0.0955382078886032,
        0.09573320299386978,
        0.09416368752717971,
